NeuroImage,,,,
NeuroImage,,,,
Neuron,,,,
NeuroImage,,,,
Proceedings of the National Academy of Sciences of the United States of America,,,,
Cerebral Cortex,,,,
Journal of Neurophysiology,,,,
NeuroImage,,,,
Human Brain Mapping,,,,
NeuroImage,,,,
NeuroImage,,,,
NeuroImage,,,,
Cerebral Cortex,,,,
NeuroImage,,,,
IEEE Transactions on Medical Imaging,,,,
Proceedings of the National Academy of Sciences of the United States of America,,,,
Neuron,,,,
NeuroImage,,,,
NeuroImage,,,,
NeuroImage,,,,
NeuroReport,,,,
Neurology,,,,
NeuroImage,,,,
Archives of General Psychiatry,,,,
Cerebral Cortex,,,,
Neurobiology of Aging,,,,
IEEE Transactions on Medical Imaging,,,,
NeuroImage,,,,
Cerebral Cortex,,,,
Nature,,,,
Neurobiology of Aging,,,,
Cerebral Cortex,,,,
Nature,,,,
Cerebral Cortex,,,,
IEEE Transactions on Medical Imaging,,,,
Neuron,,,,
Journal of Neuroscience,,,,
NeuroImage,,,,
Brain,,,,
Brain,,,,
Biological Psychiatry,,,,
Proceedings of the National Academy of Sciences of the United States of America,,,,
NeuroImage,,,,
NeuroImage,,,,
Hippocampus,,,,
NeuroImage,,,,
Brain,,,,
Frontiers in Neuroinformatics,,,,
Neurobiology of Aging,,,,
Journal of Nuclear Medicine,,,,
Neurology,,,,
Annals of Neurology,,,,
NeuroImage,,,,
Annals of the New York Academy of Sciences,,,,
IEEE Transactions on Medical Imaging,,,,
Pediatric Research,,,,
Neurobiology of Aging,,,,
NeuroImage,,,,
Archives of General Psychiatry,,,,
NeuroImage,,,,
Human Brain Mapping,,,,
NeuroImage,,,,
NeuroImage,,,,
Pediatric Research,,,,
Neurobiology of Aging,,,,
Science,,,,
Magnetic Resonance in Medicine,,,,
Lecture Notes in Computer Science (including subseries Lecture Notes in Artificial Intelligence and Lecture Notes in Bioinformatics),,,,
NeuroImage,,,,
NeuroImage,,,,
Archives of Neurology,,,,
Journal of Neurology,,,,
IEEE Transactions on Medical Imaging,,,,
NeuroImage,,,,
NeuroImage,,,,
NeuroImage,,,,
Brain,,,,
NeuroImage,,,,
Neurology,,,,
NeuroImage,,,,
Human Brain Mapping,,,,
Journal of Neurophysiology,,,,
NeuroImage,,,,
Journal of Neuroscience,,,,
Scientific Data,,,,
Biological Psychiatry,,,,
Nature Neuroscience,,,,
NeuroReport,,,,
NeuroImage,,,,
NeuroImage,,,,
NeuroImage,,,,
Proceedings of the National Academy of Sciences of the United States of America,,,,
International Journal of Imaging Systems and Technology,,,,
Journal of Cognitive Neuroscience,,,,
Proceedings of the National Academy of Sciences of the United States of America,,,,
Cerebral Cortex,,,,
Biological Psychiatry,,,,
IEEE Transactions on Medical Imaging,,,,
NeuroImage,,,,
NeuroImage,,,,
NeuroImage,,,,
NeuroImage,,,,
Annals of Neurology,,,,
Neuroinformatics,,,,
Journal of Comparative Neurology,,,,
Journal of Pediatrics,,,,
IEEE Transactions on Medical Imaging,,,,
NeuroImage,,,,
Neuron,,,,
NeuroImage,,,,
Journal of Neuroscience,,,,
Journal of Visualized Experiments,,,,
Neurology,,,,
Cerebral Cortex,,,,
NeuroImage,,,,
NeuroImage,,,,
Proceedings of the National Academy of Sciences of the United States of America,,,,
Medical Image Analysis,,,,
NeuroImage,,,,
Twin Research and Human Genetics,,,,
NeuroImage,,,,
NeuroImage,,,,
Lecture Notes in Computer Science,,,,
Cerebral Cortex,,,,
NeuroImage,,,,
Nature Neuroscience,,,,
American Journal of Neuroradiology,,,,
NeuroImage,,,,
Lecture Notes in Computer Science (including subseries Lecture Notes in Artificial Intelligence and Lecture Notes in Bioinformatics),,,,
Journal of Neuroscience,,,,
Neurobiology of Aging,,,,
NeuroImage,,,,
Frontiers in Human Neuroscience,,,,
PLoS ONE,,,,
Molecular Psychiatry,,,,
NeuroImage,,,,
NeuroImage,,,,
Human Brain Mapping,,,,
NeuroImage,,,,
NeuroImage,,,,
Schizophrenia Research,,,,
IEEE Transactions on Pattern Analysis and Machine Intelligence,,,,
NeuroImage,,,,
NeuroImage,,,,
NeuroImage,,,,
Neuropsychologia,,,,
NeuroImage,,,,
Journal of Cognitive Neuroscience,,,,
Schizophrenia Research,,,,
IEEE Transactions on Medical Imaging,,,,
Movement Disorders,,,,
Journal of Alzheimer's Disease,,,,
Neurology,,,,
Hippocampus,,,,
NeuroImage,,,,
NeuroImage,,,,
NeuroImage,,,,
NeuroImage,,,,
NeuroImage,,,,
NeuroImage,,,,
Human Brain Mapping,,,,
Neuropsychologia,,,,
NeuroImage,,,,
Cerebral Cortex,,,,
Hippocampus,,,,
IEEE Transactions on Image Processing,,,,
Lecture Notes in Computer Science (including subseries Lecture Notes in Artificial Intelligence and Lecture Notes in Bioinformatics),,,,
Radiology,,,,
NeuroImage,,,,
Neurobiology of Aging,,,,
NeuroImage,,,,
"Cerebral cortex (New York, N.Y. : 1991)",,,,
Neurology,,,,
NeuroImage,,,,
Human Brain Mapping,,,,
Acta Neuropathologica,,,,
Human Brain Mapping,,,,
NeuroImage,,,,
IEEE Transactions on Pattern Analysis and Machine Intelligence,,,,
Frontiers in Human Neuroscience,,,,
Neurophotonics,,,,
Cerebral Cortex,,,,
NeuroImage,,,,
NeuroImage,,,,
Biological Psychiatry,,,,
International Journal of Radiation Oncology Biology Physics,,,,
Journal of the International Neuropsychological Society,,,,
NeuroImage,,,,
Neurobiology of Aging,,,,
NeuroImage,,,,
Lecture Notes in Computer Science (including subseries Lecture Notes in Artificial Intelligence and Lecture Notes in Bioinformatics),,,,
NeuroImage,,,,
Lecture Notes in Computer Science (including subseries Lecture Notes in Artificial Intelligence and Lecture Notes in Bioinformatics),,,,
Hippocampus,,,,
Journal of Neuro-Oncology,,,,
Neurobiology of Aging,,,,
Lecture Notes in Computer Science,,,,
NeuroImage,,,,
Neurobiology of Aging,,,,
Journal of Cognitive Neuroscience,,,,
Journal of Neuropathology and Experimental Neurology,,,,
NeuroImage,,,,
Lecture Notes in Computer Science (including subseries Lecture Notes in Artificial Intelligence and Lecture Notes in Bioinformatics),,,,
Lecture Notes in Computer Science (including subseries Lecture Notes in Artificial Intelligence and Lecture Notes in Bioinformatics),,,,
Proceedings of the National Academy of Sciences of the United States of America,,,,
NeuroImage: Clinical,,,,
The Lancet Neurology,,,,
NeuroImage,,,,
NeuroImage,,,,
Acta Neuropathologica,,,,
Neuropsychologia,,,,
IEEE Transactions on Image Processing,,,,
NeuroImage,,,,
NeuroImage,,,,
Biomedical Optics Express,,,,
Brain Research,,,,
Proceedings of the National Academy of Sciences of the United States of America,,,,
NeuroImage,,,,
NeuroImage,,,,
Lecture Notes in Computer Science (including subseries Lecture Notes in Artificial Intelligence and Lecture Notes in Bioinformatics),,,,
NeuroImage,,,,
Scientific Reports,,,,
Neural Networks,,,,
NeuroImage,,,,
Proceedings - International Conference on Pattern Recognition,,,,
American Journal of Neuroradiology,,,,
Human Brain Mapping,,,,
Journal of Comparative Neurology,,,,
NeuroImage,,,,
NeuroImage,,,,
NeuroImage,,,,
Lecture Notes in Computer Science (including subseries Lecture Notes in Artificial Intelligence and Lecture Notes in Bioinformatics),,,,
International Journal of Computer Vision,,,,
"Genes, Brain and Behavior",,,,
NeuroImage,,,,
Optics Letters,,,,
Journal of Alzheimer's Disease,,,,
NeuroImage,,,,
Journal of Comparative Neurology,,,,
Lecture Notes in Computer Science (including subseries Lecture Notes in Artificial Intelligence and Lecture Notes in Bioinformatics),,,,
NeuroImage,,,,
Proceedings of the IEEE International Conference on Computer Vision,,,,
NeuroImage,,,,
Journal of Neurotrauma,,,,
Human Brain Mapping,,,,
Lecture Notes in Computer Science (including subseries Lecture Notes in Artificial Intelligence and Lecture Notes in Bioinformatics),,,,
Microstructural Parcellation of the Human Cerebral Cortex: From Brodmann's Post-Mortem Map to in Vivo Mapping with High-Field Magnetic Resonance Imaging,,,,
Lecture Notes in Computer Science (including subseries Lecture Notes in Artificial Intelligence and Lecture Notes in Bioinformatics),,,,
NeuroImage,,,,
Lecture Notes in Computer Science (including subseries Lecture Notes in Artificial Intelligence and Lecture Notes in Bioinformatics),,,,
Magnetic Resonance in Medicine,,,,
Lecture Notes in Computer Science (including subseries Lecture Notes in Artificial Intelligence and Lecture Notes in Bioinformatics),,,,
Supplements to Clinical Neurophysiology,,,,
Human Brain Mapping,,,,
Human Brain Mapping,,,,
NeuroImage,,,,
NeuroImage,,,,
Handbook of Clinical Neurology,,,,
NeuroImage,,,,
Scientific Reports,,,,
Medical Image Analysis,,,,
Proceedings of the IEEE International Conference on Computer Vision,,,,
NeuroImage,,,,
Brain Structure and Function,,,,
Developmental Medicine and Child Neurology,,,,
Neurology,,,,
Journal of Comparative Neurology,,,,
"Proceedings of the Annual International Conference of the IEEE Engineering in Medicine and Biology Society, EMBS",,,,
NeuroImage,,,,
Handbook of Biomedical Imaging: Methodologies and Clinical Research,,,,
Cell Reports,,,,
Translational Neuroscience,,,,
IEEE Signal Processing Letters,,,,
Scientific data,,,,
Proceedings - International Symposium on Biomedical Imaging,,,,
NeuroImage,,,,
Proceedings of the IEEE International Conference on Computer Vision,,,,
NeuroImage,,,,
NeuroImage,,,,
"Optics and the Brain, BRAIN 2015",,,,
Journal of Neuropathology and Experimental Neurology,,,,
Cerebral Cortex,,,,
Lecture Notes in Computer Science (including subseries Lecture Notes in Artificial Intelligence and Lecture Notes in Bioinformatics),,,,
Movement Disorders,,,,
Lecture Notes in Computer Science (including subseries Lecture Notes in Artificial Intelligence and Lecture Notes in Bioinformatics),,,,
NeuroImage,,,,
Neuron,,,,
Lecture Notes in Computer Science (including subseries Lecture Notes in Artificial Intelligence and Lecture Notes in Bioinformatics),,,,
"Conference Record - Asilomar Conference on Signals, Systems and Computers",,,,
NeuroImage,,,,
Proceedings of the IEEE Computer Society Conference on Computer Vision and Pattern Recognition,,,,
"Proceedings - 2009 IEEE International Symposium on Biomedical Imaging: From Nano to Macro, ISBI 2009",,,,
NeuroImage,,,,
Annals of Neurology,,,,
Proceedings - International Conference on Pattern Recognition,,,,
NeuroImage,,,,
Lecture Notes in Computer Science (including subseries Lecture Notes in Artificial Intelligence and Lecture Notes in Bioinformatics),,,,
NeuroImage,,,,
Proceedings of the National Academy of Sciences of the United States of America,,,,
Advances in Alzheimer's Disease,,,,
Brain Mapping: An Encyclopedic Reference,,,,
Proceedings - International Symposium on Biomedical Imaging,,,,
NeuroImage,,,,
NeuroImage,,,,
NeuroImage,,,,
Lecture Notes in Computer Science (including subseries Lecture Notes in Artificial Intelligence and Lecture Notes in Bioinformatics),,,,
NeuroImage,,,,
Proceedings - International Symposium on Biomedical Imaging,,,,
NeuroImage,,,,
Informatik aktuell,,,,
NeuroImage,,,,
